單位,IP
0,114.25.17.118
0,114.25.17.118
5,36.228.159.80
0,36.231.232.57
4,111.241.19.141
4,111.241.19.141
5,140.112.5.32
3,27.147.8.97
2,220.130.204.4
5,1.163.217.209
1,220.130.139.12
2,220.130.204.4
5,118.161.33.130
3,163.20.242.163
1,220.130.139.12
0,59.125.208.98
1,61.220.35.86
5,106.104.136.111
1,219.85.86.217
3,140.109.6.19
4,115.43.179.127
2,218.32.88.2
0,220.132.138.106
5,36.228.159.80
0,122.116.201.168
1,125.227.250.76
4,180.217.219.253
2,27.242.68.231
0,220.135.55.83
2,220.130.204.4
5,123.194.186.31
3,59.120.18.107
1,111.184.23.149
4,115.43.179.127
0,220.132.138.106
5,123.194.186.31
0,60.251.49.183
2,27.105.242.46
5,27.52.160.50
1,111.250.60.179
4,115.43.179.127
2,36.230.209.30
4,115.43.179.127
3,140.112.173.48
3,1.161.144.170
3,150.70.173.49
3,36.228.205.26
6,118.170.118.78
4,118.165.30.125
3,118.165.8.121
3,36.228.205.26
2,101.15.19.165
2,61.62.20.58
5,61.228.103.110
3,42.73.231.8
1,112.172.241.18
4,59.127.47.239
5,61.228.103.110
3,42.73.231.8
1,111.184.2.38
0,175.181.176.125
1,114.32.138.72
3,42.73.231.8
1,101.10.96.144
1,1.161.56.236
4,59.127.47.239
5,101.10.32.99
5,39.10.33.152
6,220.141.168.51
4,60.245.65.135
0,111.243.232.75
1,101.10.96.144
1,101.12.209.72
4,58.115.77.208
3,114.45.80.42
2,111.241.30.118
2,61.231.114.101
0,1.164.15.72
2,36.226.98.99
4,49.159.23.146
0,220.132.138.106
5,118.169.185.248
3,1.172.154.119
1,101.10.96.144
1,101.10.96.144
1,219.84.60.239
5,118.169.185.248
1,101.10.96.144
3,1.174.24.197
3,163.21.150.216
5,39.10.33.152
2,180.217.159.59
3,163.21.150.216
3,1.172.134.210
5,36.224.69.145
1,36.227.15.1
5,36.224.69.145
2,111.252.192.13
2,111.252.192.13
3,163.21.150.216
4,115.43.179.127
5,36.224.69.145
2,61.62.20.58
2,36.230.225.80
6,111.241.215.84
5,39.10.33.152
3,115.82.128.207
3,220.141.17.229
6,220.129.147.156
2,182.235.179.56
2,36.230.225.80
5,163.20.243.69
2,101.13.84.150
2,36.230.225.80
0,49.158.140.45
5,39.10.33.152
2,36.230.225.80
5,36.229.233.196
2,36.230.225.80
0,49.159.111.123
0,36.228.40.87
2,36.230.225.80
4,49.158.28.9
3,220.141.17.229
3,220.141.17.229
0,36.232.52.191
2,36.230.225.80
3,1.169.95.18
0,49.159.111.123
0,111.243.196.164
2,111.241.35.137
5,1.161.92.31
1,101.10.96.144
5,1.161.92.31
1,123.0.215.82
1,101.10.96.144
2,111.241.35.137
2,220.133.119.221
3,1.172.152.176
0,1.160.39.115
2,61.62.20.58
2,111.252.192.13
4,59.127.47.239
1,111.250.61.24
2,122.147.136.254
2,111.252.192.13
1,192.192.44.126
1,119.81.80.92
3,1.172.152.176
0,27.242.135.101
1,36.230.143.12
1,220.130.44.51
5,61.228.101.138
1,220.130.139.12
5,210.70.201.4
1,125.227.174.6
1,66.249.82.79
2,114.32.233.230
1,220.130.44.51
1,192.83.195.232
1,192.83.195.232
2,36.231.16.120
1,125.227.174.6
2,175.98.154.254
4,118.163.58.205
4,61.231.52.1
1,150.117.207.24
6,223.137.95.187
6,223.137.95.187
4,36.229.35.214
5,118.165.66.123
3,1.172.152.176
5,118.165.66.123
5,39.10.39.105
4,61.231.52.1
1,60.250.129.225
6,111.249.6.138
1,114.37.105.48
4,223.136.11.135
1,220.141.167.130
2,59.120.17.76
2,211.72.122.138
4,115.43.179.127
4,1.162.50.114
6,140.121.202.166
4,115.43.179.127
2,220.133.141.76
2,123.194.66.190
2,111.252.192.13
5,118.169.185.204
5,114.25.244.108
5,114.34.167.61
3,223.136.115.26
5,118.169.185.204
2,36.231.8.50
4,115.43.179.127
0,114.36.5.228
0,49.159.111.123
0,49.159.111.123
1,36.225.18.163
0,146.196.54.24
2,59.120.17.76
4,39.8.66.163
0,101.10.52.205
0,180.217.184.150
5,114.137.234.250
0,125.224.222.139
3,1.172.152.176
6,140.121.202.166
2,218.161.90.15
0,101.3.0.17
1,111.250.56.96
2,59.125.213.111
5,111.241.25.73
2,36.230.30.97
2,117.56.51.36
5,111.241.25.73
2,59.120.18.202
0,61.62.183.39
3,202.39.218.17
2,220.141.168.88
3,1.172.152.176
4,223.137.229.210
4,122.146.46.46
2,140.118.141.234
6,140.121.202.166
1,220.130.139.12
1,220.130.139.12
1,60.250.129.225
1,192.192.44.126
1,125.227.253.186
2,42.76.50.235
3,1.161.137.154
5,203.69.210.162
2,59.120.18.202
3,123.194.49.154
2,111.252.211.142
4,118.168.203.24
1,1.168.213.232
1,1.168.213.232
3,114.45.206.30
5,61.228.99.236
5,122.116.107.224
1,150.117.207.24
5,39.10.33.152
0,125.231.111.26
5,220.132.39.13
5,59.124.13.107
2,1.161.204.127
2,1.169.140.182
4,123.193.233.13
2,1.169.140.182
6,111.241.210.63
1,59.115.170.35
2,220.136.199.12
5,118.168.50.106
4,123.193.233.13
2,1.162.44.122
0,49.159.111.123
4,1.164.15.229
0,1.172.114.180
5,122.116.107.224
0,1.172.114.180
5,59.124.13.108
3,39.8.163.151
5,59.124.13.107
3,1.172.145.225
5,203.69.210.162
5,203.69.210.162
1,114.35.107.163
5,59.124.13.107
1,60.251.252.82
3,57.73.161.181
0,125.224.222.139
2,223.136.85.8
2,203.69.6.226
2,203.69.6.226
0,27.247.230.84
5,59.124.13.108
0,124.12.88.129
5,36.230.55.80
6,123.194.38.235
2,111.252.211.142
3,111.71.101.47
3,114.43.137.246
1,61.220.35.86
5,59.124.13.107
5,36.230.55.80
1,113.196.174.254
0,101.12.149.123
1,217.105.53.16
1,122.116.167.159
1,36.227.90.240
1,61.219.69.159
5,220.132.39.13
0,1.172.114.180
4,60.251.55.91
3,59.120.18.107
5,59.124.13.108
5,203.69.210.162
5,59.124.13.107
5,203.69.210.162
5,59.124.13.108
2,220.133.141.76
5,59.124.13.108
5,59.124.13.108
5,61.230.226.174
0,114.42.48.39
5,175.180.241.244
1,61.226.218.45
1,150.117.207.24
2,111.246.208.24
2,182.235.173.101
2,49.158.31.198
5,39.8.101.25
1,115.43.158.134
5,111.241.15.112
3,36.226.192.46
2,49.158.31.198
5,1.160.245.192
2,49.158.31.198
0,36.228.40.87
2,118.161.92.51
6,123.194.38.235
0,114.25.13.37
1,118.150.173.229
0,114.25.13.37
2,49.158.31.198
0,61.65.116.206
1,118.150.173.229
1,118.150.173.229
4,118.165.13.246
2,118.168.67.250
4,111.248.158.56
1,118.168.72.98
4,1.160.63.96
2,182.239.85.166
3,163.20.242.163
1,61.219.51.169
1,61.219.51.169
4,115.43.53.21
3,27.52.106.56
1,61.219.69.159
5,118.165.72.55
0,101.13.86.158
3,61.30.98.123
5,118.165.72.55
0,61.218.165.98
1,42.72.185.156
5,118.165.72.55
4,220.138.23.20
5,59.124.13.108
1,220.130.139.12
1,114.45.76.95
1,42.76.232.151
6,223.137.247.96
1,59.115.14.37
4,220.138.23.20
3,36.230.54.171
1,118.166.112.250
3,59.120.18.107
4,140.110.200.35
4,59.125.178.13
4,220.138.23.20
4,118.168.203.24
3,1.169.155.168
5,111.185.144.10
4,118.168.203.24
5,163.20.243.7
5,163.20.243.7
2,220.133.141.76
2,175.98.154.254
2,1.161.204.127
1,223.140.173.182
4,1.160.117.104
2,49.158.31.198
2,1.161.204.127
0,101.13.193.242
2,1.161.204.127
5,122.116.107.224
1,111.184.2.38
0,114.32.28.120
4,118.168.203.24
2,49.158.31.198
0,101.8.133.33
3,1.175.73.222
1,223.140.173.182
4,118.168.203.24
2,118.161.92.51
1,171.229.223.42
2,180.217.160.188
1,223.140.173.182
2,220.133.141.76
2,180.217.160.188
0,61.62.77.60
5,59.115.53.116
5,59.115.53.116
1,36.239.211.237
3,220.137.223.169
1,220.130.139.12
5,180.217.151.216
3,220.137.223.169
5,59.120.146.115
1,220.130.139.12
1,140.96.158.67
1,220.130.139.12
3,220.130.139.12
6,220.130.139.12
6,220.130.139.12
6,220.130.139.12
6,203.104.145.49
2,114.44.135.118
1,192.192.44.126
1,192.192.44.126
6,211.20.225.247
6,150.70.173.5
1,125.227.47.221
1,220.132.8.164
1,220.132.8.164
6,203.104.145.48
1,140.96.158.67
3,220.137.223.169
3,211.20.225.247
6,211.20.225.247
3,211.20.225.247
6,220.130.139.12
3,211.20.225.247
4,59.115.141.235
1,220.130.139.12
3,220.130.139.12
3,220.130.139.12
3,220.130.139.12
3,220.130.139.12
3,220.130.139.12
3,111.71.104.190
1,220.132.8.164
1,27.52.203.122
1,59.124.88.153
3,111.71.104.190
1,59.115.14.37
1,59.115.14.37
1,220.132.8.164
3,123.194.116.175
2,119.14.184.212
2,223.136.177.13
5,59.124.13.108
3,114.43.95.148
4,114.136.194.171
5,61.228.93.206
2,180.218.202.25
1,223.140.40.226
1,58.115.161.134
1,171.229.223.42
1,59.115.14.37
2,59.115.98.46
3,111.249.100.84
1,58.115.161.134
2,39.9.1.87
1,58.115.161.134
2,122.121.18.10
3,111.250.61.168
1,42.76.232.151
1,58.115.161.134
1,36.224.218.194
1,36.224.218.194
5,59.115.221.7
5,59.115.221.7
2,118.169.131.219
1,36.239.211.237
0,115.82.81.4
0,115.82.81.4
3,114.42.221.54
5,59.115.221.7
3,123.193.231.163
6,180.217.150.151
1,111.184.2.38
2,1.161.182.53
1,36.228.194.148
6,111.243.99.92
0,49.218.69.184
3,1.169.155.168
5,180.217.152.196
0,210.160.8.65
0,1.160.91.23
5,114.45.203.41
4,115.43.179.127
0,210.160.8.65
5,123.192.150.235
2,123.192.197.187
4,118.165.152.247
5,114.45.203.41
5,118.167.152.152
1,1.160.39.248
4,220.136.81.5
4,115.43.179.127
1,101.8.146.13
5,118.167.152.152
3,220.133.161.119
5,58.115.141.81
4,220.136.81.5
2,61.70.247.186
2,123.194.146.249
1,1.170.213.17
2,61.70.247.186
0,210.160.8.65
1,101.8.146.13
6,1.169.21.164
1,118.167.156.34
3,114.43.92.80
0,42.72.11.116
5,220.137.8.30
2,220.133.141.76
0,39.10.6.213
1,101.8.146.13
3,114.43.92.80
4,115.43.179.127
4,115.43.179.127
0,101.12.215.189
4,118.150.38.254
4,220.136.81.5
1,36.226.64.31
1,58.115.161.134
4,220.136.81.5
5,61.228.93.206
3,111.82.230.123
3,112.104.144.96
4,61.70.254.53
1,1.169.19.35
3,223.136.135.80
4,122.118.42.248
3,140.113.250.41
3,140.113.250.41
3,220.143.91.194
5,180.176.96.112
0,101.13.198.229
0,1.163.15.177
4,42.72.31.104
3,118.167.121.19
4,111.184.76.25
5,1.167.134.249
3,220.136.78.187
0,118.168.74.226
1,36.224.218.194
4,111.184.76.25
4,115.43.179.133
5,220.129.118.56
5,220.132.39.13
5,118.167.152.152
1,111.251.241.30
2,115.43.79.102
1,42.76.109.144
2,220.136.153.38
5,118.167.152.152
0,1.171.227.86
3,223.136.135.80
0,192.83.187.249
4,115.43.179.133
2,140.118.197.127
5,39.9.66.131
5,114.137.184.96
0,223.136.255.78
2,110.28.198.12
3,223.136.135.80
5,150.117.206.19
4,220.136.81.5
3,223.140.37.54
5,122.116.107.224
2,101.138.88.134
5,1.169.225.246
1,123.193.69.190
3,223.136.135.80
4,220.136.81.5
2,1.163.192.122
3,223.140.37.54
4,115.43.179.133
5,203.68.189.125
2,61.58.185.111
1,101.12.3.31
5,220.141.165.15
3,61.228.126.252
2,61.60.61.62
3,123.193.231.163
3,175.180.246.50
3,223.136.135.80
4,123.193.233.13
2,61.60.61.62
1,36.224.218.194
2,118.169.131.219
5,114.137.184.96
2,61.60.61.62
5,39.9.68.211
2,118.166.221.198
5,220.141.165.15
2,218.35.165.77
4,115.43.179.133
2,118.166.221.198
1,114.36.116.214
1,111.250.70.140
5,220.129.118.56
4,123.193.180.75
1,150.117.207.22
0,49.216.226.209
2,118.166.221.198
5,182.235.100.208
4,101.138.140.25
3,123.194.49.154
4,220.136.81.5
4,101.138.140.25
4,220.136.81.5
5,182.235.100.208
1,123.193.69.190
1,220.132.8.164
4,180.176.124.249
2,79.217.111.246
2,79.217.111.246
5,114.36.207.182
5,182.235.100.208
1,113.196.174.254
5,61.228.109.142
0,1.172.104.248
4,111.83.164.249
3,211.22.108.9
1,140.125.41.160
1,125.227.47.221
2,59.124.11.143
3,57.73.161.181
2,59.124.122.73
5,59.124.13.107
4,115.82.56.101
1,220.130.139.12
0,124.218.32.246
2,114.24.53.4
1,210.242.49.73
3,140.112.225.178
1,36.226.3.12
2,223.137.90.72
1,101.14.3.38
4,118.163.2.172
2,42.72.252.24
0,180.217.235.132
0,39.10.160.184
0,111.83.79.239
2,61.218.169.130
3,163.20.242.163
0,223.137.21.222
0,1.172.104.248
2,49.216.134.139
6,140.121.202.166
0,39.10.160.184
2,114.44.118.113
1,42.73.33.75
2,114.24.53.4
3,202.39.243.252
0,223.136.179.110
1,49.217.192.76
0,61.219.172.225
3,49.215.194.50
0,220.128.123.202
3,49.218.22.221
3,202.39.243.252
0,223.137.122.244
3,1.162.210.189
4,101.139.136.111
3,1.171.75.129
5,163.20.243.7
3,1.171.75.129
1,27.247.167.98
0,223.136.219.223
2,101.13.201.160
5,39.8.204.6
3,1.160.2.20
1,111.241.23.243
2,111.241.31.42
0,150.116.171.182
0,180.217.186.17
2,42.79.215.94
5,39.9.68.211
1,180.176.116.82
2,42.79.215.94
3,1.160.2.20
5,39.9.68.211
1,223.140.40.226
2,180.217.129.171
1,111.184.2.38
3,219.71.36.250
1,61.62.102.11
1,101.0.133.246
1,58.115.14.93
2,36.231.53.76
0,101.15.133.161
5,115.43.152.82
0,101.15.133.161
2,223.136.247.109
5,112.104.73.172
1,61.228.142.39
1,111.184.2.38
3,180.176.100.127
1,36.231.239.26
4,1.169.230.95
0,220.136.48.157
1,27.52.196.182
4,118.150.38.254
1,118.168.69.118
4,150.116.170.103
5,59.115.191.160
3,36.231.135.178
5,118.160.220.242
4,122.118.42.248
2,114.36.229.180
2,27.242.108.35
1,150.117.207.5
5,123.192.150.235
2,114.36.229.180
1,220.132.8.164
0,124.109.122.108
2,123.192.197.187
2,182.239.119.42
1,61.228.122.187
2,123.192.197.187
5,42.72.187.145
2,123.192.197.187
1,101.14.5.162
1,114.39.237.28
2,192.192.21.28
2,192.192.21.27
2,42.73.23.39
3,220.128.136.24
5,118.160.92.191
2,39.12.102.64
3,57.73.161.181
0,118.168.199.130
2,223.140.193.45
1,220.130.139.12
5,61.216.154.223
2,150.116.163.28
4,60.251.55.91
1,220.132.8.164
2,61.228.125.215
6,140.121.202.166
3,57.73.161.181
3,118.167.22.102
4,122.118.42.248
0,61.219.172.225
2,39.8.194.238
0,42.72.171.197
3,61.228.37.240
1,220.130.139.12
2,36.231.138.177
1,220.132.8.164
1,114.137.224.30
1,180.217.166.9
1,223.137.143.253
1,203.68.167.118
1,192.192.44.126
0,27.242.139.172
2,60.251.146.64
2,220.132.8.164
3,111.71.97.17
3,223.140.253.169
3,57.73.161.181
1,59.120.52.50
1,31.187.77.12
4,114.42.46.223
1,220.130.139.12
0,27.247.129.52
2,61.218.169.130
1,220.130.139.12
1,59.127.111.167
1,60.250.129.225
2,61.222.120.114
1,220.130.139.12
4,27.246.165.51
1,220.130.139.12
5,210.243.36.104
1,220.130.139.12
3,1.161.138.70
3,150.70.173.49
2,61.218.169.130
2,61.218.169.130
3,114.45.56.210
2,42.76.88.156
3,57.73.161.181
3,111.184.37.20
2,223.137.126.78
2,61.218.165.142
1,118.150.143.84
1,220.130.139.12
0,27.247.129.52
1,116.104.27.33
3,101.138.69.26
3,114.45.56.210
5,61.216.154.223
3,39.9.202.20
4,223.137.222.196
4,1.171.57.160
0,223.137.111.22
6,42.73.147.184
1,223.137.102.3
3,223.136.59.66
4,180.218.27.247
3,36.225.44.46
5,163.20.243.69
1,220.141.165.163
3,114.25.8.170
1,1.34.172.252
2,93.213.206.16
5,223.137.155.186
5,27.246.0.190
5,27.52.199.48
5,223.136.188.154
5,180.204.148.30
5,111.71.39.214
5,223.140.94.158
5,27.246.203.228
5,39.10.6.213
4,114.25.43.174
5,180.218.254.43
4,223.136.90.211
1,36.225.110.96
5,118.161.11.69
1,36.225.110.96
1,113.196.150.70
1,220.137.113.76
5,123.194.186.238
0,180.204.161.244
4,180.176.124.249
4,42.73.10.194
5,111.240.135.73
0,114.35.247.89
2,36.230.215.53
3,182.234.47.23
5,36.227.28.40
2,220.133.141.76
1,113.185.25.5
1,1.171.101.100
0,120.126.246.181
1,150.117.253.43
0,101.138.77.203
5,123.195.55.238
5,1.171.76.81
5,59.115.185.249
1,111.184.2.38
2,111.240.193.144
2,114.43.106.55
5,123.51.167.200
2,118.161.226.9
1,123.192.129.114
0,101.138.77.203
3,114.25.27.118
4,115.43.179.46
4,180.217.191.102
2,115.43.45.113
4,180.217.191.102
6,175.181.253.30
2,27.246.2.127
3,111.243.254.33
3,175.180.234.214
2,27.247.39.119
5,182.235.100.208
5,182.235.100.208
2,220.133.141.76
4,123.193.60.100
3,123.204.173.186
1,180.206.3.86
1,123.193.181.232
1,1.163.68.117
5,61.219.36.36
0,59.115.101.90
5,118.163.88.51
5,49.217.18.40
2,180.217.137.114
5,223.137.128.182
1,101.139.144.52
5,223.137.128.182
4,115.43.179.46
5,61.219.36.81
5,61.219.36.86
1,123.193.17.224
1,220.130.139.12
4,42.73.90.144
4,39.9.70.3
3,57.73.161.181
1,125.227.253.186
3,101.12.134.233
3,220.130.139.12
5,1.161.40.49
2,223.137.145.83
0,101.139.116.40
0,36.225.188.113
0,114.136.188.165
5,182.235.100.208
0,114.136.188.165
1,211.75.72.225
1,211.75.72.225
2,220.130.204.4
3,220.128.136.24
6,140.121.202.166
5,59.124.13.108
1,115.82.152.0
0,211.72.78.145
0,122.147.213.144
3,1.162.223.30
2,223.137.145.83
0,210.71.216.244
3,1.161.160.246
0,211.72.78.145
3,61.228.107.235
6,114.136.64.28
0,223.136.217.172
1,111.250.69.31
1,220.130.139.12
5,223.137.220.206
2,114.137.153.109
4,36.229.136.217
4,223.137.139.32
3,111.240.56.113
2,111.71.41.132
2,220.132.8.164
1,39.9.193.254
0,223.140.18.239
0,39.12.43.200
0,39.10.234.76
1,220.130.139.12
0,39.12.43.200
5,140.119.120.6
4,60.251.55.91
3,114.137.40.227
4,223.136.112.107
2,223.137.173.114
0,122.116.128.104
1,180.217.143.104
5,223.137.159.45
1,180.217.188.193
0,39.9.165.205
4,42.71.5.202
5,61.70.180.15
2,111.71.16.235
1,117.19.117.171
2,59.124.122.73
5,223.140.27.169
1,150.70.173.8
2,120.101.7.51
2,223.140.151.217
5,123.51.167.200
0,223.136.63.209
5,61.216.154.223
2,220.132.8.164
5,61.70.180.15
2,1.163.210.76
3,1.161.160.246
4,61.231.180.229
2,42.73.69.0
2,42.73.69.0
3,27.52.32.245
3,27.52.32.245
1,220.130.139.12
3,114.43.193.88
2,220.132.8.164
2,1.163.188.221
0,59.115.61.102
5,114.136.156.6
5,119.14.80.33
2,140.113.226.144
0,223.136.63.209
5,59.124.13.108
2,220.130.4.113
4,123.193.54.103
4,180.217.154.142
5,210.69.173.254
1,123.193.69.190
4,114.136.19.241
5,220.136.22.134
0,103.3.194.239
2,123.195.169.75
2,220.133.141.76
5,101.9.192.1
5,163.20.243.71
5,119.14.80.33
3,39.10.101.240
3,118.161.81.76
0,36.229.130.237
0,59.115.61.102
4,60.245.65.135
2,123.195.169.75
3,114.43.193.88
2,1.160.140.96
4,1.160.11.116
4,175.181.177.46
3,219.70.118.18
3,118.161.81.76
3,118.161.81.76
4,1.169.109.76
4,218.35.179.252
2,123.193.243.65
2,111.241.31.42
3,114.25.27.118
3,175.180.246.3
4,220.136.194.121
1,1.171.158.66
4,220.229.68.87
0,36.229.130.237
1,180.217.141.238
1,36.227.20.77
1,118.150.173.229
4,1.169.109.76
0,101.13.71.252
4,114.43.246.147
5,220.141.167.98
3,1.161.160.246
5,220.141.167.98
3,114.44.245.25
1,1.163.68.117
4,1.164.91.148
1,114.36.99.101
1,114.36.99.101
4,180.176.124.249
1,118.169.186.186
3,111.243.254.33
6,36.227.19.52
2,111.241.31.42
6,180.176.111.17
4,101.8.193.47
2,150.116.167.133
3,111.243.254.33
4,61.228.245.112
4,101.8.193.47
2,220.136.43.248
2,36.228.15.206
0,27.52.73.215
4,111.251.139.134
0,219.68.236.81
2,115.82.146.16
2,115.82.146.16
2,175.96.83.37
4,111.249.104.247
4,101.139.95.97
2,175.181.185.6
1,60.251.110.202
0,101.12.134.198
2,223.136.18.41
0,1.169.30.66
1,220.130.139.12
0,39.8.40.216
4,111.71.51.237
6,223.140.127.118
3,39.9.235.180
2,180.217.141.33
4,150.116.166.6
5,210.69.173.254
1,115.82.149.206
2,39.9.133.197
0,101.12.134.198
0,123.194.169.165
2,220.132.8.164
0,123.194.169.165
5,180.217.161.108
2,120.101.27.92
2,120.101.27.92
2,101.8.192.115
0,101.14.97.101
3,60.245.12.214
2,180.217.141.33
4,119.14.73.155
2,114.136.167.101
2,110.28.233.205
3,223.139.249.161
1,223.137.249.122
3,117.19.115.104
0,220.134.112.10
5,163.30.151.108
5,223.140.117.125
4,123.192.241.121
1,220.130.139.12
4,210.70.131.254
2,27.246.140.17
4,223.137.165.121
1,36.224.226.162
1,39.9.193.254
4,123.193.20.134
0,111.83.223.103
0,1.160.93.60
3,39.12.225.135
2,36.231.136.81
5,203.68.188.130
1,175.96.82.207
2,1.200.217.10
5,59.124.13.107
4,114.137.224.47
2,223.137.221.245
3,123.51.152.20
0,42.73.220.89
3,101.138.145.60
3,223.136.202.198
0,36.225.21.134
6,114.136.9.126
5,203.68.188.130
4,211.75.189.127
3,114.43.193.88
4,210.70.131.254
5,211.23.76.67
3,61.30.98.123
5,61.228.98.69
2,115.82.65.83
5,27.247.135.102
2,223.140.71.24
1,36.227.78.37
2,36.235.105.239
3,49.159.149.148
3,49.159.149.148
3,49.159.149.148
1,114.136.107.217
4,150.116.184.200
4,223.140.252.250
1,49.215.117.179
1,211.75.72.225
3,180.176.100.127
0,223.137.204.140
1,220.142.160.241
0,223.137.204.140
4,180.214.189.136
4,211.21.159.16
5,118.163.88.51
1,42.73.161.162
3,118.160.19.87
3,1.162.129.48
5,42.76.42.51
3,223.140.40.64
3,114.43.193.88
1,36.231.94.180
5,61.70.182.12
1,223.140.80.176
0,36.229.215.36
3,114.42.151.186
3,114.25.27.118
0,118.233.31.251
3,118.160.19.87
4,175.181.177.39
3,114.25.34.56
0,124.109.122.108
1,103.246.210.249
6,118.166.144.116
0,61.70.182.12
3,118.160.19.87
1,1.161.165.206
0,124.109.122.108
3,101.138.121.202
2,180.218.202.25
1,114.43.100.121
2,36.230.209.150
1,36.230.154.92
5,118.160.124.151
1,36.225.111.20
0,118.168.56.150
0,106.105.117.137
2,1.161.29.27
1,118.161.14.85
1,123.194.148.237
0,114.43.152.116
3,1.169.151.40
4,36.231.25.88
5,36.226.90.184
4,180.217.140.68
1,1.171.101.100
3,114.35.52.215
3,59.115.100.123
2,123.193.98.9
0,1.160.93.60
1,114.42.110.19
2,58.115.135.229
2,223.136.175.136
3,223.140.158.164
4,220.129.166.70
3,175.180.243.212
0,1.160.30.201
3,112.104.144.144
1,42.76.232.151
2,223.136.141.174
2,101.127.206.83
4,61.228.39.11
2,223.136.215.208
2,27.242.232.31
2,61.224.113.5
1,125.227.47.221
4,59.125.178.13
5,27.52.224.207
0,59.115.61.102
0,223.140.44.143
4,59.125.178.13
4,220.130.184.157
4,60.248.153.199
1,150.117.207.22
3,114.44.131.128
5,211.23.76.67
3,110.169.128.162
4,101.9.132.245
3,27.52.230.185
1,223.136.166.107
3,220.129.144.29
1,101.138.140.63
0,59.115.61.102
1,42.76.232.151
6,114.136.195.220
1,36.224.226.162
4,59.125.178.13
2,223.136.231.144
3,119.77.197.165
2,1.164.92.64
5,211.20.1.174
1,49.216.242.209
1,101.138.140.63
1,220.130.139.12
2,118.161.68.36
0,223.137.133.23
0,110.28.66.34
4,1.34.126.138
3,61.231.185.104
2,223.136.95.108
1,1.171.180.49
3,59.124.225.3
1,49.217.184.251
3,1.162.214.98
2,223.140.6.94
5,123.194.201.157
1,223.140.54.184
1,180.217.161.32
1,140.131.84.210
3,39.10.68.138
2,223.140.6.94
1,223.140.54.184
4,210.160.8.70
5,223.137.165.202
4,210.70.131.254
2,39.12.104.136
4,145.37.148.63
1,36.227.78.37
4,122.118.35.173
1,140.131.84.210
4,210.160.8.70
4,117.19.215.26
5,211.23.76.67
0,111.71.36.102
2,39.12.133.129
4,59.127.195.1
4,111.248.185.114
5,140.122.53.112
0,101.13.116.119
0,61.70.177.19
3,39.10.68.138
2,140.112.103.54
1,150.116.30.16
3,114.136.4.130
3,111.71.93.184
4,123.193.34.213
1,123.51.163.48
4,211.21.159.16
1,223.136.166.107
1,42.116.102.172
1,220.130.139.12
5,118.163.88.51
2,49.217.18.123
3,180.217.146.187
4,123.193.58.189
0,223.137.139.105
0,61.70.177.19
5,220.135.30.168
2,42.73.78.73
4,1.171.226.186
2,125.230.118.205
5,61.216.154.223
3,111.71.113.100
2,223.140.32.51
2,125.230.118.205
4,114.137.40.50
4,52.27.2.86
4,220.132.8.164
2,61.231.71.134
5,223.136.234.104
4,223.137.5.4
2,61.228.105.211
1,106.105.98.43
1,111.250.56.33
5,39.8.163.118
0,59.115.175.148
5,110.28.194.216
1,42.72.5.52
2,59.125.120.223
1,150.117.207.22
5,27.246.37.252
4,111.248.185.114
1,36.225.15.197
2,111.251.54.44
4,175.96.194.251
5,1.161.45.5
2,39.8.36.224
5,111.240.150.90
0,118.233.80.131
5,1.161.45.5
0,49.219.128.94
5,118.167.208.10
5,111.249.126.182
5,36.229.192.250
1,114.42.110.115
1,36.231.161.131
3,114.34.214.54
1,58.114.74.25
2,118.165.120.54
2,125.230.118.205
1,114.45.51.243
2,39.8.36.224
2,39.8.36.224
1,220.132.8.164
2,223.140.32.51
2,39.8.36.224
2,39.8.36.224
2,39.8.36.224
3,150.116.162.59
2,1.164.83.24
2,1.164.83.24
2,39.8.36.224
2,123.204.135.156
4,210.242.144.78
3,114.43.88.118
5,118.163.88.51
1,1.160.246.107
4,211.21.159.16
3,114.43.88.118
4,210.70.131.254
4,118.167.22.9
2,39.8.36.224
2,39.10.136.176
2,39.8.36.224
2,180.217.134.130
4,36.227.175.160
4,180.217.164.167
3,1.169.93.119
4,118.167.22.9
2,61.62.252.198
0,114.136.160.82
3,223.137.47.39
0,49.219.153.173
2,118.160.127.140
5,175.181.254.124
2,118.160.127.140
2,1.171.154.115
0,49.219.153.173
1,36.230.142.228
2,111.71.8.250
2,111.71.8.250
0,219.85.165.35
4,61.224.56.169
1,1.161.28.53
3,114.43.88.118
5,39.12.202.96
1,118.166.44.27
0,219.85.165.35
2,61.228.43.251
2,1.200.200.50
2,39.8.36.224
2,61.62.20.58
2,101.13.229.116
1,150.117.250.89
6,118.166.136.238
4,118.167.22.9
1,59.115.171.152
3,114.43.88.118
3,1.161.79.168
5,42.73.46.203
1,150.117.207.22
4,118.167.22.9
0,49.216.66.231
6,118.166.136.238
2,36.227.20.19
1,61.64.211.140
4,36.226.175.145
0,101.8.50.12
1,115.43.95.59
5,220.141.167.98
4,123.193.34.213
0,39.8.44.190
0,150.117.217.35
3,1.171.125.55
2,118.150.170.220
1,61.219.51.169
6,118.168.170.231
2,39.8.36.224
0,219.85.165.35
5,39.12.202.96
6,118.168.170.231
5,180.176.96.185
5,1.171.62.91
2,125.230.118.205
2,123.193.197.224
0,119.77.163.76
6,118.168.170.231
4,118.167.22.9
3,49.159.149.148
5,118.165.72.163
5,39.8.163.118
5,175.181.254.124
1,223.136.101.32
5,101.11.19.83
3,1.171.125.55
0,118.233.80.131
5,101.11.19.83
4,180.205.140.84
2,36.226.147.154
5,175.181.254.124
1,223.136.96.231
2,1.162.62.70
2,39.8.36.224
5,27.247.33.253
2,122.116.19.28
2,42.73.169.100
0,36.225.190.85
3,219.70.118.18
6,118.168.170.231
2,140.127.111.236
1,114.42.110.115
5,118.165.72.163
4,180.176.240.18
3,1.164.194.62
2,42.73.169.100
4,61.230.227.216
1,42.73.202.59
3,114.25.8.124
4,36.227.98.198
5,175.181.254.124
4,180.217.144.157
6,118.168.170.231
3,114.45.63.232
0,49.217.3.16
4,118.160.80.73
1,101.8.197.10
1,182.235.173.20
2,220.129.155.15
3,1.161.182.44
3,101.15.241.202
3,1.161.182.44
1,114.42.55.210
1,217.105.53.16
4,1.171.100.109
4,145.100.195.163
2,1.161.187.134
3,180.217.177.23
2,1.169.225.159
3,61.231.20.43
2,39.8.36.224
0,114.136.133.119
0,223.140.125.150
0,111.241.215.64
1,36.224.4.201
5,180.176.211.45
2,39.8.36.224
5,219.70.185.178
2,220.137.218.126
3,220.136.250.247
2,220.137.124.105
2,61.70.247.186
5,39.8.163.118
2,111.71.8.250
4,111.250.44.159
5,1.171.62.91
0,101.10.115.206
5,175.181.254.124
3,111.248.68.129
3,27.242.105.213
1,114.137.235.174
5,39.8.163.118
1,49.216.208.133
0,61.230.135.189
0,61.230.135.189
1,27.52.10.231
0,101.10.115.206
3,114.45.63.232
4,175.181.177.10
1,111.71.50.140
4,180.217.151.135
2,101.13.117.133
4,1.171.164.43
1,36.224.229.2
3,1.161.19.210
1,101.138.185.46
1,27.105.244.121
3,42.73.32.115
1,110.28.107.224
5,203.70.88.56
5,118.169.191.81
2,42.73.169.100
5,203.70.88.56
5,140.92.11.151
5,180.217.188.158
5,39.8.163.118
0,180.217.177.233
3,122.116.172.232
5,210.70.201.9
3,114.45.63.232
3,223.140.40.64
3,223.137.205.124
4,118.168.194.22
2,140.109.92.48
2,118.166.4.74
5,118.169.191.81
2,223.140.149.147
3,36.229.81.239
1,101.138.185.46
4,223.140.228.183
2,118.166.4.74
2,220.137.218.126
2,111.251.54.44
2,114.136.192.244
1,59.115.171.152
4,175.181.177.39
2,101.10.63.52
2,123.194.66.190
5,114.42.144.212
5,58.114.11.53
1,123.192.45.66
1,117.19.211.161
0,1.160.90.35
5,114.42.144.212
0,1.171.71.20
5,36.237.61.230
0,123.194.197.119
5,118.169.191.81
3,219.70.118.18
4,114.136.47.62
0,117.19.224.111
0,36.230.254.71
1,58.115.14.93
2,101.139.84.248
4,118.168.194.22
1,1.164.33.233
2,111.252.84.87
3,114.137.44.113
2,36.226.117.181
4,180.176.127.76
2,220.130.45.77
1,58.115.14.93
4,1.160.93.12
1,36.230.142.228
0,1.171.71.20
5,118.160.119.189
2,111.243.63.168
0,101.15.64.65
3,223.140.40.64
1,180.217.170.95
0,36.230.254.71
4,220.129.160.242
2,27.247.70.157
3,1.162.129.58
1,220.132.8.164
5,117.19.19.24
4,114.36.2.160
3,114.137.246.246
3,61.231.7.33
5,27.247.165.81
4,175.181.177.39
2,180.217.149.18
0,1.171.71.20
0,1.171.71.20
0,1.171.71.20
2,180.217.134.28
2,220.137.218.126
3,36.229.81.239
1,106.104.121.28
0,180.204.163.19
0,1.171.71.20
3,1.161.182.42
3,1.163.42.225
5,223.136.134.53
4,175.181.177.39
2,1.163.79.33
4,123.193.233.13
2,111.250.98.59
4,118.168.194.22
3,36.226.1.223
0,59.115.175.148
4,42.72.108.203
0,36.225.20.13
5,101.12.50.173
0,180.204.163.19
1,59.115.171.152
5,118.169.191.81
4,36.224.133.112
4,111.241.209.97
4,36.224.133.112
1,118.168.119.208
3,1.161.182.42
4,118.165.239.26
3,223.140.40.64
2,220.136.43.84
1,58.115.14.93
1,223.136.23.52
0,111.240.134.175
4,180.214.178.44
2,36.229.156.85
2,59.115.96.163
2,123.192.197.187
3,223.140.40.64
0,1.171.71.20
4,219.84.62.143
1,111.249.3.245
5,114.136.252.48
5,114.136.252.48
2,123.192.197.187
0,36.230.254.71
0,124.109.122.108
4,111.249.3.174
2,223.137.25.229
4,145.100.195.163
3,36.229.81.239
3,36.231.15.58
3,117.19.32.53
0,114.136.37.156
0,49.216.225.205
1,180.217.140.252
3,42.73.51.12
3,203.64.53.102
5,59.115.172.169
4,175.181.177.39
5,122.147.28.141
3,36.248.247.253
2,223.136.159.108
3,61.228.102.237
5,61.216.154.223
0,101.9.145.33
4,211.21.159.16
0,49.216.225.205
0,1.164.193.124
0,1.164.193.124
2,59.60.11.43
5,211.20.1.174
3,27.247.171.172
0,49.216.131.114
3,223.140.238.37
5,203.72.158.42
1,125.227.253.186
3,111.255.169.142
4,150.116.185.140
2,101.139.104.252
5,27.247.43.6
1,39.10.69.193
1,39.10.69.193
2,36.230.33.207
1,192.192.44.126
4,202.39.243.122
0,45.56.73.98
3,114.32.62.102
5,49.215.101.102
1,175.96.192.55
2,123.195.129.105
2,150.116.163.28
3,114.137.177.82
3,36.248.247.253
2,223.136.67.39
1,220.130.139.12
4,175.181.177.39
0,39.12.102.89
5,61.219.221.241
5,163.20.242.224
2,59.60.11.43
5,118.150.28.179
2,140.118.41.108
3,36.248.247.253
4,39.9.228.60
3,59.115.109.200
1,220.130.139.12
2,101.139.104.252
2,101.139.104.252
4,223.140.179.174
4,39.9.232.32
3,111.240.45.201
4,145.100.195.163
3,59.115.109.200
4,61.228.168.35
4,175.181.177.39
4,123.51.133.13
5,210.71.2.5
3,180.217.148.86
2,180.217.168.179
4,118.160.80.73
4,180.217.142.13
1,203.72.69.149
3,114.137.177.85
2,27.246.232.172
1,211.75.237.7
4,211.72.113.121
3,111.240.45.201
0,114.136.27.185
6,223.140.208.254
4,101.139.97.150
0,180.217.142.149
5,101.0.143.173
2,180.217.158.84
0,140.128.76.64
2,59.60.11.43
1,1.171.77.215
4,180.217.142.13
0,49.216.131.114
3,101.8.227.98
3,111.240.45.201
4,223.140.253.123
5,210.71.68.48
4,122.116.85.230
4,111.71.5.79
4,180.217.128.1
1,61.231.178.136
3,61.216.176.117
4,60.251.55.91
1,220.130.139.12
3,111.240.45.201
5,59.115.40.93
5,59.115.40.93
1,58.114.74.25
1,42.73.136.69
5,140.131.38.168
0,59.115.175.148
5,218.35.185.112
2,220.128.121.193
1,118.167.168.9
3,180.217.181.210
1,223.137.110.235
1,114.45.54.123
0,36.227.36.86
5,117.19.210.31
5,111.241.46.183
1,61.230.163.176
0,210.160.8.66
0,123.240.104.121
3,114.45.201.81
0,223.137.82.243
2,1.161.187.134
1,182.235.173.20
1,61.230.114.98
1,220.136.58.178
4,42.73.49.186
3,1.200.200.178
0,36.228.185.27
4,118.168.194.22
5,1.163.149.66
0,117.19.132.218
1,111.250.58.133
3,114.45.205.96
2,150.116.164.10
4,118.168.198.201
0,61.228.89.67
4,111.241.147.78
3,180.217.175.238
3,111.243.93.119
4,118.165.12.61
0,122.116.234.185
4,36.229.179.195
5,1.163.149.66
4,111.248.213.144
5,223.136.134.53
1,123.193.64.173
1,114.42.52.252
1,220.132.8.164
3,220.136.20.128
0,123.192.231.75
4,39.8.165.240
1,111.184.26.95
5,180.204.160.247
0,101.138.92.42
5,27.246.164.253
4,39.8.165.240
5,61.228.104.29
4,101.15.139.234
2,36.231.157.157
0,39.9.40.174
4,39.8.165.240
4,180.217.154.223
5,223.136.134.53
4,36.225.33.195
3,118.169.229.208
2,123.194.169.168
5,122.147.28.141
2,115.82.232.137
3,114.36.37.58
2,220.137.9.253
0,140.113.63.4
1,150.117.250.89
3,59.115.109.200
4,114.24.73.3
0,114.137.188.77
5,123.193.60.100
3,27.242.103.93
1,36.224.24.181
5,115.43.157.244
5,60.248.19.144
1,42.73.55.191
5,163.20.243.69
5,61.216.154.223
2,59.124.79.162
4,115.82.5.97
5,1.163.149.66
5,163.30.63.249
2,118.163.206.138
4,39.8.2.140
0,111.255.10.1
3,101.8.49.177
1,113.190.48.62
5,61.216.154.223
1,49.218.11.231
0,122.146.94.9
4,180.217.161.15
2,110.28.73.37
2,118.167.163.233
1,36.224.24.181
5,61.228.92.226
0,27.52.12.194
5,223.137.229.232
2,140.109.103.227
4,1.164.4.239
5,140.92.18.185
5,1.200.193.250
0,118.161.245.84
0,111.82.87.134
5,180.204.160.247
4,42.72.176.233
4,114.136.75.71
2,36.226.70.97
3,223.140.224.53
0,223.136.211.145
0,49.216.131.114
4,1.200.210.99
3,223.140.224.53
2,192.192.21.27
4,175.96.112.218
1,61.64.211.140
5,192.192.132.5
0,114.137.188.77
2,111.71.79.222
2,210.60.142.148
4,192.192.82.79
4,1.171.155.16
1,39.9.109.2
2,223.136.235.128
3,61.228.102.237
5,115.43.157.244
3,59.120.18.107
6,140.121.202.124
4,101.138.94.194
1,101.11.51.72
1,101.11.51.72
4,122.146.84.72
1,223.137.172.213
4,101.8.137.240
4,36.230.73.253
0,180.217.150.188
4,27.52.77.193
1,180.204.243.73
0,125.227.38.129
1,42.79.122.51
1,223.137.80.64
1,223.137.172.213
3,61.228.102.237
0,111.235.209.175
0,49.217.34.143
2,122.118.15.220
2,36.224.143.98
3,59.115.109.200
0,61.218.165.98
1,111.71.113.235
2,122.116.32.84
3,111.184.37.20
0,60.248.123.154
3,61.228.102.237
5,118.168.87.73
4,60.251.45.137
4,60.251.45.137
5,163.20.243.7
2,180.218.69.94
0,101.13.66.248
2,101.127.208.58
1,1.163.47.251
4,114.136.151.254
2,101.14.228.189
4,60.251.45.137
0,180.217.156.205
1,210.61.150.13
4,49.219.13.64
3,180.217.169.18
2,61.70.247.186
0,220.128.98.134
0,49.218.50.222
4,223.137.194.197
5,36.228.136.224
4,61.223.72.139
3,114.137.91.198
5,118.168.78.78
6,140.121.202.166
0,115.82.177.79
2,123.193.9.112
2,85.158.138.193
2,118.233.250.126
0,119.77.229.206
3,118.169.162.115
5,111.251.66.68
2,220.137.124.105
1,42.98.108.42
1,118.150.121.226
0,36.224.199.8
3,1.171.126.160
0,118.168.225.172
5,59.115.167.222
1,36.227.45.136
0,114.42.219.21
4,150.116.170.103
2,111.240.234.139
6,140.121.202.166
3,114.25.44.190
5,219.70.204.212
1,114.44.37.25
0,49.216.245.235
1,1.34.169.170
1,123.193.64.173
4,61.223.72.139
4,219.85.134.29
1,101.138.105.7
2,123.194.169.168
6,118.167.36.86
1,113.196.149.242
1,123.193.181.232
4,111.248.213.144
3,1.169.109.235
2,1.200.200.50
1,118.160.221.100
4,59.115.134.7
2,203.69.105.3
5,101.15.203.135
2,59.115.215.62
0,123.240.104.121
3,114.42.129.237
5,60.248.19.144
4,180.176.240.18
4,211.21.159.16
2,61.60.126.2
2,59.125.101.168
5,101.15.203.135
3,180.217.160.97
1,36.227.85.119
4,1.161.13.56
4,211.21.159.16
2,61.60.126.2
0,125.227.38.129
2,36.224.143.98
1,223.137.165.62
5,61.216.154.223
3,223.137.18.17
0,101.138.140.27
3,220.137.217.60
2,111.251.140.143
0,101.138.140.27
4,101.11.2.181
1,27.247.36.8
1,61.230.6.41
0,223.136.146.232
5,111.83.162.95
4,118.160.135.180
2,59.60.11.43
5,223.136.114.62
3,27.242.202.162
4,27.247.67.20
2,36.224.143.98
4,180.217.140.113
2,59.124.130.162
1,36.224.226.233
4,223.137.86.138
1,36.224.226.233
4,39.12.200.219
1,113.190.48.62
2,111.71.43.192
4,39.12.200.219
3,61.220.128.116
4,223.137.194.197
5,1.167.134.200
1,60.248.95.61
6,140.121.202.166
1,36.224.143.98
2,122.147.18.13
1,36.224.143.98
2,101.14.178.20
2,36.224.143.98
3,223.136.72.8
3,223.136.94.174
3,223.137.21.166
2,39.10.137.196
2,59.60.11.43
6,203.104.145.38
3,125.227.162.95
1,39.12.108.230
1,223.140.159.154
4,122.146.84.72
5,210.241.78.189
5,115.43.157.244
5,118.150.28.179
2,101.14.178.20
3,114.136.163.100
2,223.140.132.80
5,220.137.218.29
1,150.70.173.8
2,114.136.201.94
1,223.140.62.76
5,42.73.150.23
3,118.169.162.115
3,163.21.132.1
0,1.169.251.43
0,1.160.58.91
5,118.163.88.51
1,36.224.143.98
1,36.224.143.98
3,118.169.162.115
1,110.28.73.30
5,36.225.162.100
4,1.164.242.49
2,140.118.140.138
5,59.115.180.148
0,140.135.12.23
1,123.0.192.188
5,223.137.150.75
5,39.12.9.110
5,1.34.41.171
6,140.121.202.166
3,119.14.43.100
2,61.60.126.2
2,220.133.141.76
3,115.43.135.226
1,223.140.71.60
1,223.136.153.205
4,114.136.75.71
3,118.169.162.115
4,114.136.49.245
5,61.60.126.7
3,118.169.162.115
2,220.135.35.242
3,27.242.109.102
3,27.242.109.102
5,36.225.113.242
4,111.248.213.19
0,59.115.120.77
1,120.108.204.6
5,122.116.234.36
2,223.140.229.74
2,42.77.226.88
4,175.181.175.14
3,101.10.7.134
5,27.246.171.84
3,110.27.7.124
3,101.10.7.134
5,101.13.115.254
3,123.192.2.4
1,114.136.179.95
4,111.71.99.213
0,101.8.178.61
2,195.245.231.202
5,36.225.113.242
5,39.8.0.226
0,223.137.192.221
0,1.160.89.119
2,219.68.111.166
0,223.137.192.221
3,36.225.40.253
2,36.227.38.75
2,36.228.49.150
4,27.147.44.252
4,61.228.123.116
2,210.202.56.4
2,223.137.117.103
5,36.228.101.243
3,113.196.145.153
1,223.140.71.60
3,182.235.174.226
0,111.249.19.4
1,114.43.114.54
1,223.140.71.60
3,36.227.194.10
1,202.79.203.111
4,180.218.172.116
4,218.35.179.252
1,111.243.10.113
2,1.200.200.50
5,101.12.228.233
5,114.42.58.63
1,114.42.224.98
3,180.176.214.76
3,39.10.106.11
4,117.19.150.9
2,118.233.250.126
6,175.96.115.54
1,114.43.114.54
1,150.117.207.5
2,122.147.18.13
3,115.43.135.226
0,150.117.72.119
1,1.34.169.170
2,36.226.171.84
3,114.25.44.190
1,59.124.83.223
0,114.34.95.33
5,39.10.41.214
1,61.216.131.171
5,218.161.0.171
5,211.20.1.174
2,49.159.97.44
2,114.36.0.45
1,211.72.195.222
5,223.136.223.35
2,36.231.82.119
4,1.160.21.66
5,61.216.154.223
3,118.163.67.98
5,1.164.242.83
1,27.247.225.51
2,61.230.114.252
0,115.82.231.133
6,1.161.22.248
5,59.124.13.108
2,125.227.48.201
4,211.21.159.16
1,61.216.131.171
1,36.224.207.109
3,36.231.140.39
2,42.72.104.250
0,140.96.143.57
4,211.21.159.16
0,180.217.142.178
2,223.140.26.104
0,61.218.165.98
5,211.20.1.174
3,52.205.212.221
2,223.137.229.2
6,1.171.66.202
3,220.136.158.171
2,118.161.25.211
5,114.137.178.80
6,1.171.66.202
1,211.75.2.169
4,101.14.224.208
4,220.142.92.252
0,203.74.0.67
2,223.137.70.145
3,42.73.216.181
4,101.15.214.193
3,101.14.230.57
0,60.251.252.210
3,192.162.242.132
3,192.162.242.132
6,1.171.66.202
3,114.45.52.244
2,123.192.79.146
5,123.193.60.100
0,39.10.43.136
4,1.171.164.178
2,59.124.130.162
0,111.241.215.94
3,220.136.158.171
5,114.44.231.203
3,42.73.216.181
3,110.28.128.53
3,115.82.192.207
3,220.136.158.171
2,220.133.141.76
3,114.45.52.244
2,101.127.208.219
5,140.92.11.151
2,27.242.140.165
1,223.137.34.134
5,220.136.226.96
3,1.163.213.231
5,117.19.83.32
3,223.136.233.236
3,118.169.165.110
4,122.118.44.243
3,111.184.37.20
4,223.137.220.18
3,223.136.171.186
4,60.251.45.137
3,123.192.2.4
2,27.247.160.164
2,36.230.203.228
6,1.171.66.202
0,61.216.172.121
3,223.136.171.186
3,118.169.165.110
2,111.83.225.254
2,114.136.77.85
5,36.226.124.188
4,59.115.56.232
0,49.216.50.42
4,1.160.89.174
2,220.137.122.58
1,203.68.167.80
5,123.192.190.110
3,39.10.69.50
5,180.176.109.153
5,36.226.9.220
1,122.116.238.50
0,49.216.50.42
1,122.116.238.50
4,218.35.179.252
4,218.35.179.252
0,119.77.229.206
3,118.169.165.110
0,123.194.197.119
5,117.19.195.30
2,123.192.79.146
3,27.52.139.122
1,61.230.101.36
2,1.163.103.3
5,49.217.149.198
2,114.37.186.195
1,119.14.159.30
1,220.141.19.192
5,114.42.154.78
5,101.15.217.102
4,101.13.8.119
2,27.52.198.191
5,36.235.84.96
3,118.161.35.50
1,111.71.111.182
3,150.70.173.58
0,123.193.61.138
5,27.52.44.150
3,111.184.37.20
4,36.227.36.202
4,36.227.36.202
0,123.193.61.138
0,211.72.13.222
0,1.200.218.4
5,219.71.217.51
2,36.228.108.2
3,42.72.218.177
3,175.180.171.159
3,175.180.171.159
0,123.194.197.119
0,123.194.197.119
0,219.68.236.81
5,61.228.213.83
5,61.228.213.83
3,175.180.206.16
5,140.112.5.32
5,39.9.228.114
1,111.71.111.182
5,114.43.80.152
3,114.42.164.2
3,42.73.76.181
5,220.136.235.98
3,114.42.164.2
5,114.43.80.152
5,114.43.80.152
2,223.141.116.99
4,211.21.121.142
1,101.15.251.213
2,36.224.137.137
2,180.204.210.181
1,61.216.131.171
2,59.60.11.43
2,36.224.137.137
3,113.196.51.213
4,101.8.48.4
1,123.194.255.211
5,211.23.76.67
3,118.163.20.241
5,220.136.235.98
1,220.130.139.12
1,220.130.139.12
1,192.192.44.126
1,220.130.139.12
4,61.31.92.159
1,110.28.8.240
1,180.217.146.70
3,36.231.233.242
5,220.136.235.98
0,49.216.5.71
1,1.35.179.173
3,42.72.130.201
5,39.9.233.192
2,36.224.137.137
4,39.12.34.9
4,180.217.140.113
4,110.28.141.58
1,39.9.193.254
3,60.250.30.228
5,39.9.233.192
5,211.23.76.67
4,223.137.188.217
6,220.138.21.58
5,36.235.84.96
3,60.250.30.228
1,59.115.135.146
5,111.82.67.64
6,27.242.234.168
5,180.204.128.112
5,39.8.102.239
0,111.71.41.63
4,101.138.181.123
3,101.14.196.217
0,223.140.5.162
1,114.43.112.171
1,223.137.238.0
2,59.60.11.43
2,118.166.4.129
4,220.130.184.157
3,111.252.60.153
2,118.166.4.129
3,223.136.172.22
5,210.69.173.254
5,180.176.113.222
3,125.227.162.95
3,36.229.101.28
5,60.251.42.95
3,61.228.140.166
2,59.60.11.43
3,114.45.52.105
1,27.52.4.219
2,123.192.192.169
3,111.71.13.32
5,223.140.154.73
1,61.216.131.171
0,220.228.146.66
3,36.229.101.28
3,36.229.140.186
2,61.230.167.159
1,220.132.152.123
3,223.136.45.38
6,140.121.202.166
3,59.120.18.107
3,180.217.171.33
3,180.217.171.33
5,163.20.180.253
3,36.229.140.186
0,220.228.146.66
2,61.228.43.245
2,223.137.182.7
4,140.110.207.186
4,114.45.124.129
4,114.45.124.129
6,140.121.202.166
4,118.150.213.230
1,60.250.129.225
2,114.43.231.98
2,124.155.178.155
2,150.70.173.49
5,117.56.22.241
4,42.73.248.45
3,180.206.7.165
4,111.71.117.23
5,1.160.247.71
1,114.44.222.70
5,150.117.206.122
2,1.164.169.96
5,1.160.19.155
3,118.169.165.110
5,39.8.74.228
0,49.217.133.237
1,36.224.254.232
0,180.217.130.116
0,101.15.5.115
3,111.241.62.11
2,1.164.169.96
5,1.160.19.155
5,180.176.119.207
4,118.169.252.2
0,111.251.51.98
3,118.169.165.110
1,114.36.116.19
2,58.115.131.78
2,101.139.137.173
3,114.45.52.244
2,223.136.10.169
1,36.224.254.232
6,114.136.31.208
0,180.204.163.0
0,101.8.51.76
1,180.217.132.161
4,180.217.153.238
1,36.224.254.232
2,1.161.187.217
3,39.9.198.196
0,101.8.51.76
4,180.176.124.249
1,114.137.244.154
1,36.231.180.153
1,118.150.186.104
4,117.19.243.242
5,220.136.198.203
1,101.9.211.114
4,180.176.124.249
6,1.171.66.202
4,180.176.124.249
4,111.248.213.19
3,118.168.64.187
1,150.117.73.98
3,115.43.135.226
2,1.162.74.51
3,101.11.0.246
1,59.115.42.77
4,111.248.213.19
0,27.52.67.210
3,27.242.71.252
0,1.200.195.74
3,175.180.234.72
2,114.43.231.215
2,111.251.136.40
4,180.176.124.249
2,101.13.85.176
2,1.164.243.83
2,101.13.85.176
1,118.150.186.104
2,123.192.215.249
5,110.28.45.216
2,39.9.234.194
3,111.252.60.153
0,117.19.196.241
3,114.42.148.239
6,111.241.215.74
0,101.8.51.76
4,175.181.177.39
6,111.241.215.74
2,220.138.23.104
2,114.44.217.189
4,119.14.44.13
4,101.10.80.174
4,175.181.177.39
4,180.217.140.113
1,118.171.136.112
0,1.200.211.117
2,1.160.196.30
4,150.117.220.6
3,223.136.107.165
4,27.246.130.62
4,180.217.140.113
1,223.140.61.63
1,220.141.19.192
4,180.217.140.113
3,110.28.4.77
2,111.251.136.40
5,140.122.136.105
5,36.227.9.158
0,111.248.185.126
2,172.94.41.34
5,118.169.190.75
5,114.37.8.225
2,111.251.136.40
4,114.35.124.247
3,114.42.37.197
3,114.25.36.172
6,59.105.112.250
1,118.171.136.112
2,220.138.23.204
1,115.82.224.211
2,111.251.136.40
3,115.82.197.149
3,114.42.37.197
2,36.231.140.53
5,180.176.211.45
4,119.77.204.75
0,220.128.98.134
2,36.231.140.53
5,223.26.108.210
1,114.137.244.154
3,27.246.198.33
2,36.230.139.239
3,39.10.42.240
2,117.19.195.236
1,114.36.152.111
1,220.141.19.192
2,79.217.109.58
3,114.43.111.213
0,118.150.94.109
3,119.14.43.100
4,180.176.124.249
1,101.15.242.242
2,211.75.237.7
1,39.9.38.130
2,111.251.136.40
5,180.217.148.124
3,118.167.26.56
3,36.229.100.17
5,36.224.66.166
3,42.77.144.215
5,39.8.74.228
4,180.176.124.249
4,36.227.168.178
2,36.230.139.239
5,39.8.74.228
2,220.137.122.58
5,36.224.66.166
4,101.10.19.163
0,115.82.200.241
3,1.162.129.166
2,123.192.215.249
2,111.240.235.93
4,114.40.62.61
3,223.139.177.116
5,118.150.28.179
1,118.150.186.104
1,114.37.184.66
1,61.231.65.50
1,118.150.186.104
4,36.229.205.137
4,101.10.19.163
4,114.36.42.241
5,111.252.237.154
3,36.225.19.30
3,36.226.35.93
5,39.8.74.228
3,211.22.7.217
3,36.226.35.93
0,49.216.149.70
3,123.192.2.4
1,111.240.8.158
0,180.217.135.88
5,111.251.143.94
2,101.13.85.176
3,61.228.46.230
4,1.161.19.216
2,118.166.130.193
4,180.217.140.113
1,111.240.8.158
1,118.150.186.104
1,180.217.181.195
4,111.250.146.93
3,42.77.100.210
1,114.34.171.89
1,114.34.171.89
2,36.228.109.46
3,114.24.233.107
4,114.40.62.61
5,42.72.116.56
3,61.64.65.22
2,118.161.28.236
3,61.64.65.22
3,61.64.65.22
2,114.24.9.114
3,61.228.46.230
2,61.223.38.3
5,122.116.107.224
1,111.240.8.158
2,123.195.172.250
4,101.13.209.95
3,36.230.228.209
2,180.176.47.172
4,36.231.8.1
4,180.176.124.249
2,111.251.136.40
4,36.230.79.238
5,123.194.0.225
2,61.223.38.3
1,220.141.19.192
3,101.138.121.178
2,110.28.170.196
5,59.124.13.108
3,114.44.180.36
3,180.217.143.231
5,39.8.74.228
3,122.118.190.89
4,114.45.52.186
4,180.217.159.55
5,27.247.173.204
4,180.176.124.249
3,180.218.30.236
1,118.150.186.104
3,114.24.233.107
5,140.112.115.226
3,123.194.49.154
5,123.205.90.89
3,123.194.49.154
2,223.140.10.196
5,114.137.66.215
4,114.45.52.186
4,223.136.42.24
5,180.176.109.153
3,111.83.47.9
4,180.217.159.55
6,118.166.140.238
0,36.225.16.252
2,61.62.20.58
0,36.225.16.252
4,111.248.212.208
3,118.160.92.218
4,180.217.159.55
0,114.24.147.194
1,101.13.16.3
5,111.241.189.38
0,180.217.191.107
3,180.218.30.236
4,180.217.159.55
5,180.176.109.153
0,119.77.229.206
5,122.116.234.220
4,1.164.9.135
2,110.28.131.26
4,175.181.177.39
4,61.230.141.59
4,180.217.129.1
1,220.141.19.192
0,119.77.229.206
4,123.193.34.213
3,1.174.96.107
5,1.34.41.171
2,114.43.237.100
4,123.193.34.213
2,114.43.235.160
5,36.226.214.131
3,118.165.36.159
3,180.217.149.251
0,114.136.211.166
5,61.231.16.112
1,1.200.203.154
1,220.141.19.192
2,223.136.94.197
3,49.217.139.125
1,1.171.53.124
5,39.8.74.228
5,118.160.81.132
5,180.176.109.153
0,219.71.133.190
5,101.14.161.192
1,36.228.250.43
0,61.230.79.73
2,61.63.100.208
3,1.160.146.39
4,150.117.220.6
2,49.159.113.58
2,218.187.177.146
1,101.139.136.98
6,42.77.220.153
2,218.187.177.146
4,175.181.177.39
4,111.250.68.50
0,117.19.102.187
5,36.230.171.105
2,61.63.100.208
5,111.243.205.174
5,111.243.205.174
2,60.250.154.31
5,140.112.5.32
1,123.192.119.227
1,36.226.254.230
3,1.161.182.192
4,118.168.193.39
5,36.230.171.105
4,180.176.98.178
2,61.63.100.208
5,111.243.205.174
5,111.243.205.174
3,114.37.107.149
4,111.250.68.50
0,49.217.102.161
3,1.161.141.65
4,180.176.240.18
2,123.192.79.146
3,114.24.233.107
2,114.43.105.90
3,114.45.52.105
4,118.150.38.254
2,1.163.221.213
4,111.250.68.50
2,79.7.63.30
0,219.71.133.190
2,151.49.185.210
2,42.73.114.25
1,220.132.8.164
2,101.14.48.128
5,163.20.243.69
4,36.231.130.49
3,220.129.155.186
3,123.51.165.114
2,36.229.98.120
1,192.192.44.126
5,163.20.243.69
5,223.136.18.92
2,114.43.237.100
1,114.137.244.154
2,180.217.176.120
2,60.250.155.19
3,220.128.136.24
6,223.136.187.203
4,101.9.153.126
2,60.250.155.19
4,61.220.38.45
2,175.96.115.212
4,175.181.177.39
3,101.15.48.113
3,114.45.52.105
4,211.21.159.16
1,223.140.203.30
2,61.230.167.159
3,114.137.179.171
2,114.43.237.100
3,1.200.193.67
4,60.251.57.46
3,118.161.89.47
2,36.229.98.120
3,1.200.193.67
2,114.136.254.8
0,140.126.169.2
3,113.196.51.211
4,223.140.99.82
4,115.43.179.101
3,114.45.50.234
3,117.56.40.210
5,140.125.43.162
0,123.51.215.130
0,124.219.38.7
5,182.234.33.131
1,218.210.61.211
3,117.56.40.210
0,60.251.140.226
6,140.121.202.166
4,1.171.177.221
2,122.118.11.85
2,213.178.197.210
5,114.37.10.145
4,223.140.79.212
1,101.139.104.198
3,61.220.113.36
2,220.130.204.4
0,27.246.166.125
4,36.230.79.238
1,211.75.2.169
4,180.217.164.17
4,36.230.79.238
2,220.130.204.4
4,61.220.38.45
5,1.160.23.127
4,42.72.71.128
1,220.130.139.12
1,61.219.51.169
5,114.34.2.97
1,117.19.39.249
2,46.226.50.229
4,118.163.58.205
3,123.194.48.104
1,61.219.51.169
5,180.176.211.45
5,27.147.18.246
1,223.140.183.138
1,61.216.154.49
1,117.19.39.249
5,60.251.42.95
1,223.136.154.37
5,101.15.137.11
4,101.9.195.22
4,39.9.134.62
3,27.246.231.216
3,123.192.135.21
1,192.192.44.126
5,114.136.255.21
3,118.161.39.247
3,150.70.173.6
4,114.137.245.120
0,175.182.163.94
3,114.44.221.43
5,1.171.34.28
3,123.194.48.104
2,1.163.200.94
4,111.250.107.103
2,114.43.239.134
4,115.43.179.101
2,114.43.239.43
2,36.229.98.120
3,119.14.72.65
5,27.52.11.244
5,101.8.97.43
5,101.15.137.11
5,42.73.211.124
0,175.182.138.20
5,118.165.16.200
4,115.43.179.101
2,36.238.196.145
2,36.229.98.120
2,61.228.35.69
3,27.246.106.141
5,118.165.16.200
1,1.171.165.134
4,118.168.201.127
2,150.116.164.10
2,114.43.239.43
0,36.224.254.35
5,59.115.184.151
1,118.166.120.169
2,61.231.179.183
0,111.83.13.164
2,124.155.178.155
4,118.150.212.161
3,49.217.139.125
5,118.160.124.232
2,122.147.18.13
1,39.8.130.218
4,175.181.177.39
2,36.238.196.145
2,118.160.126.249
0,27.242.135.101
2,114.36.97.188
4,118.150.38.254
4,123.193.60.100
0,36.230.202.86
4,114.25.239.2
3,114.45.52.105
1,1.171.54.50
5,111.243.204.86
2,1.169.200.131
4,118.168.201.127
6,58.114.225.61
2,150.116.164.10
4,111.250.68.50
0,111.251.51.98
4,118.168.201.127
0,140.126.169.2
2,223.137.254.231
0,27.242.107.196
4,1.171.176.15
1,23.27.245.234
2,114.44.49.42
1,114.137.244.154
5,210.69.13.1
0,180.204.166.243
1,114.137.244.154
5,1.164.242.83
1,211.72.212.97
5,163.20.242.171
0,111.241.146.15
5,163.20.242.171
3,111.241.220.227
4,210.70.131.254
3,118.168.198.177
1,117.19.35.3
5,118.160.164.163
4,101.9.195.22
1,223.136.154.37
1,59.115.139.190
1,36.224.224.26
0,61.220.182.198
3,123.51.216.154
2,101.15.25.42
4,223.140.76.190
1,114.137.244.154
5,118.160.87.159
1,203.68.167.118
0,163.29.35.155
2,110.28.74.57
3,39.10.164.15
0,122.147.213.144
3,223.136.122.206
5,27.242.9.186
4,218.35.153.157
6,60.248.105.226
2,223.140.2.193
1,101.12.191.70
2,101.14.160.197
2,223.140.2.193
2,223.140.2.193
2,85.158.138.194
3,223.136.122.206
1,220.130.139.12
1,66.249.82.83
4,210.70.131.254
5,39.10.76.120
3,36.229.100.124
4,115.43.179.101
2,114.44.49.42
5,42.70.112.129
1,117.19.64.81
1,61.216.147.127
3,140.112.77.30
3,1.167.134.183
1,220.130.139.12
4,118.150.36.24
2,85.158.137.195
5,59.115.221.32
1,192.192.44.126
2,61.216.68.133
4,118.238.214.98
3,1.167.134.183
0,1.163.188.151
4,180.217.161.87
5,61.216.156.33
4,118.163.58.205
5,210.71.107.149
1,220.130.139.12
1,114.136.26.217
1,223.136.224.80
1,192.192.44.126
1,114.136.26.217
3,123.192.2.4
0,180.217.142.168
4,220.142.77.170
2,60.245.65.135
5,223.140.67.218
2,85.158.138.195
3,123.192.2.4
3,1.162.226.213
2,122.147.18.13
2,123.193.233.151
5,39.9.198.129
2,39.9.32.27
2,114.44.36.34
2,114.43.234.62
2,150.116.164.10
2,39.9.32.27
2,27.105.252.50
1,111.250.69.215
2,220.137.117.96
1,192.192.44.126
3,192.192.150.16
5,180.217.170.7
5,118.160.124.232
2,114.41.15.119
2,114.43.234.62
5,58.115.141.81
3,123.193.231.163
5,59.115.80.42
0,1.160.245.201
5,123.194.196.135
3,42.73.127.71
5,123.194.196.135
3,118.150.175.179
3,36.229.100.124
2,1.160.18.221
4,150.117.223.50
5,220.134.49.150
2,123.195.181.34
0,115.82.224.125
4,118.150.36.24
2,219.71.223.48
1,220.136.192.235
4,150.117.223.50
3,118.169.176.128
3,123.193.54.103
4,180.176.124.249
3,1.162.226.213
1,36.224.17.246
5,49.218.67.153
4,118.160.145.60
4,150.117.223.50
4,150.117.223.50
0,39.8.197.110
5,123.194.196.135
2,118.161.93.60
0,118.161.32.40
4,1.163.42.15
4,118.165.23.107
0,101.12.213.193
2,219.70.207.81
3,111.249.9.139
3,111.250.197.185
4,1.160.12.7
4,118.150.36.24
1,223.136.19.208
1,36.224.17.246
2,1.200.194.4
4,118.160.145.60
5,123.192.117.193
1,118.71.107.71
5,36.231.48.96
4,150.117.223.50
4,118.160.145.60
4,118.160.145.60
4,180.176.124.249
4,111.185.76.42
2,1.161.250.123
3,1.169.27.219
3,1.169.27.219
2,36.225.86.81
4,150.116.163.109
4,118.160.145.60
4,203.121.237.49
4,203.121.237.49
4,111.240.21.110
4,111.240.21.110
4,111.240.21.110
4,111.240.21.110
4,111.240.21.110
4,59.115.109.91
1,61.216.147.127
5,114.36.213.41
4,115.43.179.101
2,61.219.81.127
3,42.73.80.228
5,163.20.242.171
0,118.163.56.25
2,61.219.81.127
1,118.163.101.145
4,61.62.215.81
1,175.96.218.152
4,180.217.161.149
0,118.163.136.241
4,117.19.36.84
6,1.164.140.209
5,59.124.13.108
5,140.125.43.162
2,61.219.81.127
4,115.43.179.101
3,111.71.122.8
5,140.125.43.162
5,114.36.213.41
4,118.163.2.44
0,61.218.53.138
2,114.136.177.172
5,203.71.206.250
5,59.120.146.115
6,1.161.19.216
2,61.57.44.78
5,59.124.13.107
3,223.137.28.46
5,1.160.7.24
2,123.194.41.197
5,163.20.242.171
1,36.224.224.26
5,27.52.65.182
3,27.242.68.95
5,39.8.200.60
2,107.178.40.217
4,114.136.198.239
4,114.136.83.130
2,111.71.93.1
2,62.153.86.59
1,42.73.66.133
1,223.136.62.232
2,106.105.181.110
5,163.20.243.69
1,61.220.255.40
2,125.227.150.115
1,220.130.139.12
4,123.192.236.49
2,60.245.39.138
2,36.226.247.102
2,140.131.1.30
5,1.34.41.171
3,219.87.130.242
4,118.163.58.205
4,211.21.121.142
1,223.140.203.30
5,42.73.53.201
5,163.20.242.171
1,210.60.122.154
3,180.176.100.127
1,220.132.243.43
3,42.73.97.42
1,180.204.2.190
3,60.245.65.178
5,106.104.136.111
1,27.242.106.142
2,182.235.165.44
2,62.153.86.59
6,140.121.202.166
0,49.219.130.165
2,62.153.86.59
1,49.216.226.163
4,101.12.131.93
1,220.132.243.43
4,114.43.132.173
5,49.216.113.119
5,42.72.203.172
5,27.246.196.152
5,49.218.11.231
5,39.9.40.245
5,111.240.146.189
1,140.119.121.6
5,42.72.203.172
4,223.137.50.51
4,27.247.169.238
4,114.136.227.8
5,49.216.113.119
2,61.70.247.186
5,49.217.80.254
4,101.13.130.3
5,123.194.196.135
3,111.71.100.19
3,27.147.8.97
5,101.138.69.45
3,180.217.179.180
0,1.163.51.191
3,111.71.100.19
4,101.13.130.3
3,42.72.73.105
2,27.105.252.50
4,60.245.65.135
2,114.37.67.129
4,27.52.202.187
0,114.42.111.199
5,111.248.187.125
5,111.248.187.125
4,118.165.23.107
4,101.13.130.3
4,180.217.169.242
4,101.13.130.3
0,220.132.138.106
4,114.136.227.8
2,114.37.67.129
4,223.137.50.51
4,27.247.169.238
3,223.137.28.46
1,61.218.53.138
2,111.246.3.66
5,61.228.100.18
3,36.226.212.68
5,61.230.89.107
1,1.161.145.8
3,223.137.28.46
3,118.150.175.179
3,118.160.81.246
5,220.141.23.156
3,118.160.81.246
3,223.140.78.132
0,220.132.138.106
3,27.52.2.246
0,42.73.84.60
5,123.194.196.135
3,111.249.9.139
5,1.161.93.90
3,39.10.200.165
3,27.52.2.246
3,175.180.171.159
5,118.150.28.179
3,111.248.113.63
2,61.230.137.203
2,111.246.3.66
3,115.43.95.170
2,111.241.89.172
1,1.200.219.54
2,218.164.162.99
4,103.233.71.92
1,1.160.29.101
3,114.25.234.26
4,180.218.172.116
3,1.169.230.114
1,1.200.219.54
4,180.176.124.249
2,219.84.60.239
4,27.52.202.187
3,180.176.28.86
4,27.52.202.187
5,114.36.211.204
5,114.36.211.204
5,163.20.242.152
3,223.136.250.135
2,222.90.76.166
5,219.70.164.17
5,210.70.241.175
5,61.219.221.241
4,220.130.184.157
1,110.28.201.5
5,115.43.157.244
5,61.219.221.241
5,123.194.201.157
5,163.20.242.171
3,1.161.183.74
1,220.130.139.12
0,223.140.136.90
4,112.104.29.192
3,211.21.93.157
2,1.160.132.38
6,60.250.74.208
3,223.136.178.159
5,180.176.211.45
1,220.130.139.12
5,163.20.242.171
4,112.104.29.192
2,61.231.160.164
1,220.130.139.12
5,61.219.221.241
2,220.137.113.249
0,123.193.58.13
1,111.250.64.79
6,60.250.74.208
2,122.116.32.84
1,223.136.54.217
5,111.241.220.48
3,27.242.166.153
2,27.246.0.166
2,222.90.76.166
5,220.136.165.199
6,60.250.74.208
5,163.20.242.152
4,42.73.212.169
4,123.193.34.213
3,27.242.166.153
2,122.118.45.127
2,122.118.45.127
0,60.248.5.18
1,1.200.218.203
4,42.73.212.169
5,117.56.22.241
5,163.21.9.241
5,1.34.159.225
1,101.8.176.107
5,101.138.152.5
1,114.137.244.154
0,49.219.128.218
2,180.217.183.132
2,61.62.20.58
2,114.42.75.2
2,163.21.183.253
1,220.130.139.12
3,123.193.11.221
1,114.137.244.154
1,175.184.246.151
0,49.219.128.218
4,180.217.130.237
5,114.44.36.108
4,39.12.194.137
2,114.136.245.126
2,36.226.247.102
1,101.139.133.36
0,59.124.0.25
2,223.136.107.56
5,118.163.88.51
4,180.217.130.237
3,140.92.148.165
3,59.120.18.107
1,220.130.139.12
4,223.136.151.167
3,61.228.101.169
1,27.73.109.148
2,125.227.48.201
3,180.204.16.153
1,114.136.196.50
5,42.70.137.48
4,114.24.249.134
4,211.21.121.142
0,59.124.0.25
1,59.115.136.208
5,1.160.166.20
4,114.24.249.134
4,180.217.130.237
5,49.216.113.119
4,39.12.194.137
2,220.133.141.76
5,49.216.167.134
3,180.217.188.18
1,150.116.30.16
5,49.216.167.134
5,210.70.131.254
1,36.230.153.174
5,118.163.88.51
2,213.178.197.210
3,223.137.80.142
0,111.250.194.110
5,223.137.171.101
1,1.171.165.134
3,223.136.145.254
2,27.246.197.51
2,213.178.197.210
2,114.37.67.32
1,113.196.174.254
0,111.250.194.110
3,223.137.28.46
2,1.160.18.221
5,223.26.108.210
0,123.194.197.119
5,118.160.174.81
3,118.166.7.165
4,61.230.143.122
6,118.160.85.113
4,111.248.204.227
2,211.72.182.83
6,118.160.85.113
6,118.160.85.113
5,219.71.217.51
1,36.230.153.174
4,122.116.140.8
4,111.240.212.153
3,111.249.9.139
1,114.44.251.105
4,36.224.211.241
4,122.116.140.8
0,101.8.208.3
2,111.246.3.66
5,123.193.22.120
5,49.216.167.134
0,219.68.236.81
5,111.243.204.86
4,203.121.237.49
5,163.20.242.152
0,123.194.197.119
1,115.43.95.59
3,61.228.101.169
5,59.124.13.107
2,114.36.2.44
5,1.162.70.246
2,59.115.130.61
5,220.136.234.165
3,61.228.101.169
0,163.21.169.202
1,27.73.109.148
5,180.176.211.45
5,39.12.139.166
4,39.9.96.172
1,1.200.211.26
5,163.21.9.241
0,61.228.106.189
4,60.245.65.180
5,61.216.85.243
2,60.251.214.194
5,163.20.242.171
5,101.12.166.92
3,27.52.66.101
5,180.176.211.45
4,223.137.237.236
5,61.219.221.241
5,60.250.206.90
5,163.20.242.171
1,114.137.36.36
5,110.28.165.251
0,180.217.175.235
0,61.216.178.92
5,180.217.134.216
5,36.225.180.117
0,101.15.4.87
2,140.118.7.194
4,123.192.236.49
5,118.150.28.179
3,106.104.114.13
5,114.136.214.24
5,49.219.168.156
5,114.136.214.24
3,61.216.176.117
3,211.21.93.157
2,220.137.113.249
0,111.71.95.31
2,220.137.113.249
0,61.220.144.163
4,49.217.192.99
0,218.32.11.2
2,220.138.23.36
2,101.13.146.251
3,36.230.230.32
4,211.75.82.219
2,118.165.32.251
5,61.216.154.223
1,223.136.71.238
1,220.130.139.12
3,36.230.230.32
1,180.217.187.121
2,50.112.194.65
4,180.217.157.188
4,211.75.82.219
1,42.72.28.152
4,49.217.192.99
3,36.229.101.147
3,61.30.98.123
5,101.12.148.163
3,36.229.101.147
2,223.137.246.26
0,125.227.22.8
0,218.32.11.2
5,117.56.73.241
1,114.25.43.159
4,114.34.165.236
5,114.136.196.30
0,101.9.149.166
5,101.12.148.163
3,118.165.59.246
4,27.147.27.59
4,27.147.27.59
3,223.137.74.217
3,36.226.246.219
0,220.130.174.55
5,202.39.224.232
4,60.248.153.199
0,220.130.174.55
4,210.138.208.234
0,220.130.174.55
2,220.133.141.76
0,101.9.149.166
5,111.249.23.182
3,123.193.231.163
5,49.216.167.134
5,118.161.93.211
3,36.229.101.147
3,223.137.148.39
4,36.229.218.55
3,101.14.6.221
0,111.248.185.217
3,106.105.116.149
1,36.230.153.174
1,36.230.153.174
3,180.217.175.107
4,111.250.147.100
3,1.163.96.129
3,1.169.198.49
3,111.255.172.206
2,36.230.227.88
4,1.162.220.198
4,150.70.188.179
4,111.250.147.100
5,114.45.204.235
5,118.166.135.91
4,1.162.220.198
5,223.140.124.158
5,114.45.204.235
0,111.248.185.217
4,111.250.147.100
4,114.43.132.173
5,220.137.13.38
2,36.234.49.175
1,36.230.153.174
3,1.169.88.242
2,182.235.165.44
4,59.115.109.163
3,182.235.8.132
1,114.24.67.20
5,220.137.13.38
5,59.115.235.153
3,111.249.5.193
3,111.249.5.193
5,223.136.77.55
2,1.162.78.178
5,220.137.13.38
4,1.162.220.198
2,124.11.194.62
3,202.39.224.234
1,1.171.50.214
5,223.140.111.102
5,220.137.13.38
5,219.71.133.190
5,223.136.77.55
3,180.217.133.74
1,122.116.118.137
3,114.44.33.77
3,202.39.224.234
0,119.77.229.206
3,111.249.5.193
3,119.14.72.65
2,42.73.3.83
4,114.42.128.230
3,163.21.132.1
2,125.224.15.65
3,111.249.5.193
1,220.130.139.12
1,36.230.79.80
5,49.216.227.51
2,223.137.70.158
3,114.44.113.54
3,36.225.221.192
1,1.34.195.118
4,59.120.10.211
1,36.230.79.80
2,125.227.48.201
2,118.168.67.36
2,59.125.99.9
5,36.227.37.140
4,180.217.173.239
3,114.45.53.27
4,223.140.214.172
1,114.136.95.83
2,125.227.48.201
5,118.165.69.231
0,111.184.30.102
3,114.137.159.55
2,220.137.113.249
3,114.45.75.93
3,27.52.227.207
0,111.248.185.217
4,150.117.221.198
5,36.233.212.147
2,125.230.93.94
3,114.44.33.77
5,219.70.204.253
2,59.125.99.9
2,27.247.39.112
3,123.204.166.8
1,59.124.231.69
3,123.204.166.8
3,123.204.166.8
4,218.35.153.157
5,219.71.133.190
2,122.201.179.161
2,61.60.217.64
4,223.140.169.248
3,123.204.166.8
2,59.125.16.126
2,150.70.173.9
1,36.230.153.174
2,36.234.49.175
2,211.21.104.121
5,61.60.126.7
5,61.60.126.7
3,36.230.230.32
2,59.125.99.9
3,123.204.166.8
2,59.125.99.9
0,118.168.237.192
2,60.250.69.19
5,118.165.69.231
4,223.140.169.248
5,114.32.130.22
2,61.222.120.98
5,61.60.126.7
4,219.85.187.210
4,218.35.153.157
5,42.72.90.71
5,118.169.229.119
2,122.201.179.161
5,1.171.55.98
2,118.163.136.68
0,140.96.143.57
4,115.82.185.78
2,118.163.136.68
1,223.140.110.95
1,122.100.123.123
2,36.234.49.175
2,39.8.32.47
2,61.70.247.186
1,61.230.102.82
2,1.160.162.54
3,1.163.41.216
2,123.0.214.27
2,59.125.99.9
3,119.14.43.100
5,42.72.90.71
5,219.71.133.190
1,220.138.23.235
1,36.230.153.174
2,36.234.49.175
2,123.194.165.89
3,36.230.230.32
3,36.230.230.32
3,118.169.66.60
2,114.44.33.77
0,114.25.16.38
3,1.163.64.85
0,219.85.1.164
2,61.70.247.186
1,114.136.146.214
4,180.204.243.87
3,1.162.129.18
4,150.117.221.198
5,1.161.184.225
5,1.164.150.144
5,123.194.202.69
2,36.227.10.138
5,223.136.77.55
5,118.161.93.211
3,111.249.5.193
0,101.12.51.78
4,118.168.65.28
5,36.227.37.140
3,221.169.231.116
2,114.44.33.77
4,114.24.228.44
4,114.24.228.44
3,119.14.43.100
4,101.8.48.4
2,220.137.136.63
2,36.234.49.175
5,61.65.118.12
4,36.229.199.135
1,223.136.250.237
1,1.169.199.181
3,122.116.172.232
3,180.217.175.107
1,61.230.102.82
1,36.230.153.174
3,111.249.5.193
5,36.233.212.147
4,1.161.167.219
4,36.224.43.134
5,1.171.68.50
